datetime,open,close,high,low,volume,amount,avg_price
2026-02-09 09:30:00,11.05,11.05,11.05,11.05,4404,4865867.0,11.05
2026-02-09 09:31:00,11.05,11.03,11.06,11.02,17418,19229537.0,11.042
2026-02-09 09:32:00,11.03,11.01,11.02,11.01,11179,12316885.0,11.034
2026-02-09 09:33:00,11.01,11.02,11.02,11.01,8675,9555244.0,11.03
2026-02-09 09:34:00,11.02,11.02,11.03,11.01,6288,6929156.0,11.029
2026-02-09 09:35:00,11.02,11.02,11.02,11.01,4881,5375210.0,11.027
2026-02-09 09:36:00,11.02,11.01,11.02,11.01,3794,4178387.0,11.026
2026-02-09 09:37:00,11.01,11.02,11.02,11.01,3218,3543689.0,11.025
2026-02-09 09:38:00,11.02,11.03,11.04,11.01,8509,9379246.0,11.025
2026-02-09 09:39:00,11.03,11.03,11.04,11.03,6492,7160532.0,11.026
2026-02-09 09:40:00,11.03,11.04,11.04,11.03,2532,2793579.0,11.026
2026-02-09 09:41:00,11.04,11.03,11.05,11.03,8813,9727064.0,11.027
2026-02-09 09:42:00,11.03,11.03,11.04,11.02,5113,5639533.0,11.027
2026-02-09 09:43:00,11.03,11.03,11.04,11.02,1542,1700766.0,11.027
2026-02-09 09:44:00,11.03,11.03,11.04,11.02,1465,1615761.0,11.027
2026-02-09 09:45:00,11.03,11.04,11.04,11.02,1967,2169872.0,11.027
2026-02-09 09:46:00,11.04,11.05,11.05,11.03,7796,8605939.0,11.028
2026-02-09 09:47:00,11.05,11.06,11.06,11.04,6956,7687008.0,11.03
2026-02-09 09:48:00,11.06,11.04,11.06,11.04,8580,9481442.0,11.031
2026-02-09 09:49:00,11.04,11.07,11.07,11.04,17316,19140863.0,11.034
2026-02-09 09:50:00,11.07,11.05,11.07,11.05,6882,7607440.0,11.035
2026-02-09 09:51:00,11.05,11.05,11.06,11.05,9803,10841901.0,11.037
2026-02-09 09:52:00,11.05,11.06,11.07,11.05,12026,13301328.0,11.038
2026-02-09 09:53:00,11.06,11.06,11.07,11.06,2083,2305217.0,11.039
2026-02-09 09:54:00,11.06,11.07,11.07,11.06,2501,2768476.0,11.039
2026-02-09 09:55:00,11.07,11.09,11.09,11.07,17177,19034128.0,11.043
2026-02-09 09:56:00,11.09,11.09,11.1,11.08,10036,11135044.0,11.046
2026-02-09 09:57:00,11.09,11.09,11.1,11.09,6575,7296301.0,11.047
2026-02-09 09:58:00,11.09,11.09,11.1,11.09,7149,7931956.0,11.049
2026-02-09 09:59:00,11.09,11.09,11.1,11.08,2807,3113692.0,11.049
2026-02-09 10:00:00,11.09,11.1,11.11,11.09,10643,11812733.0,11.052
2026-02-09 10:01:00,11.1,11.1,11.11,11.1,7103,7885098.0,11.053
2026-02-09 10:02:00,11.1,11.1,11.11,11.09,6031,6694801.0,11.055
2026-02-09 10:03:00,11.1,11.09,11.1,11.09,2767,3069190.0,11.055
2026-02-09 10:04:00,11.09,11.09,11.1,11.09,3561,3949676.0,11.055
2026-02-09 10:05:00,11.09,11.09,11.1,11.08,2638,2925394.0,11.056
2026-02-09 10:06:00,11.09,11.08,11.09,11.08,2780,3080952.0,11.056
2026-02-09 10:07:00,11.08,11.08,11.08,11.07,6447,7142988.0,11.057
2026-02-09 10:08:00,11.08,11.08,11.08,11.07,1001,1108300.0,11.057
2026-02-09 10:09:00,11.08,11.08,11.08,11.07,1522,1685310.0,11.057
2026-02-09 10:10:00,11.08,11.08,11.08,11.07,1281,1418432.0,11.057
2026-02-09 10:11:00,11.08,11.07,11.08,11.07,3331,3688334.0,11.057
2026-02-09 10:12:00,11.07,11.08,11.08,11.06,2774,3070923.0,11.057
2026-02-09 10:13:00,11.08,11.07,11.08,11.06,1855,2053343.0,11.057
2026-02-09 10:14:00,11.07,11.07,11.08,11.07,920,1018681.0,11.057
2026-02-09 10:15:00,11.07,11.08,11.08,11.07,1840,2037742.0,11.058
2026-02-09 10:16:00,11.08,11.08,11.08,11.07,2450,2712721.0,11.058
2026-02-09 10:17:00,11.08,11.09,11.09,11.08,4300,4764334.0,11.058
2026-02-09 10:18:00,11.09,11.08,11.09,11.08,1227,1360230.0,11.058
2026-02-09 10:19:00,11.08,11.09,11.09,11.08,1302,1443469.0,11.058
2026-02-09 10:20:00,11.09,11.08,11.09,11.08,2679,2969072.0,11.059
2026-02-09 10:21:00,11.08,11.08,11.09,11.08,565,626274.0,11.059
2026-02-09 10:22:00,11.08,11.08,11.09,11.08,1109,1229035.0,11.059
2026-02-09 10:23:00,11.08,11.08,11.09,11.08,2019,2237787.0,11.059
2026-02-09 10:24:00,11.08,11.08,11.09,11.08,772,855813.0,11.059
2026-02-09 10:25:00,11.08,11.07,11.09,11.07,5488,6080636.0,11.059
2026-02-09 10:26:00,11.07,11.07,11.08,11.06,6336,7013693.0,11.06
2026-02-09 10:27:00,11.07,11.07,11.07,11.06,1514,1674986.0,11.06
2026-02-09 10:28:00,11.07,11.07,11.07,11.06,3699,4093033.0,11.06
2026-02-09 10:29:00,11.07,11.06,11.07,11.06,10525,11642798.0,11.06
2026-02-09 10:30:00,11.06,11.06,11.07,11.06,1720,1902543.0,11.06
2026-02-09 10:31:00,11.06,11.07,11.07,11.06,1266,1400639.0,11.06
2026-02-09 10:32:00,11.07,11.07,11.07,11.06,1277,1412737.0,11.06
2026-02-09 10:33:00,11.07,11.06,11.07,11.06,1361,1505804.0,11.06
2026-02-09 10:34:00,11.06,11.06,11.07,11.06,942,1042147.0,11.06
2026-02-09 10:35:00,11.06,11.07,11.07,11.06,3618,4001651.0,11.06
2026-02-09 10:36:00,11.07,11.07,11.07,11.06,5394,5969857.0,11.06
2026-02-09 10:37:00,11.07,11.07,11.08,11.06,1743,1929974.0,11.06
2026-02-09 10:38:00,11.07,11.07,11.08,11.07,401,444093.0,11.06
2026-02-09 10:39:00,11.07,11.07,11.08,11.07,497,550230.0,11.06
2026-02-09 10:40:00,11.07,11.07,11.07,11.07,1356,1501142.0,11.06
2026-02-09 10:41:00,11.07,11.07,11.08,11.06,1547,1712836.0,11.06
2026-02-09 10:42:00,11.07,11.07,11.07,11.06,823,910937.0,11.06
2026-02-09 10:43:00,11.07,11.06,11.07,11.06,471,521157.0,11.06
2026-02-09 10:44:00,11.06,11.07,11.07,11.06,1290,1427736.0,11.06
2026-02-09 10:45:00,11.07,11.07,11.07,11.06,1259,1393663.0,11.06
2026-02-09 10:46:00,11.07,11.06,11.07,11.06,491,543314.0,11.06
2026-02-09 10:47:00,11.06,11.07,11.07,11.06,637,704582.0,11.06
2026-02-09 10:48:00,11.07,11.06,11.07,11.06,959,1060804.0,11.06
2026-02-09 10:49:00,11.06,11.06,11.07,11.06,1028,1137303.0,11.06
2026-02-09 10:50:00,11.06,11.06,11.07,11.06,651,720216.0,11.06
2026-02-09 10:51:00,11.06,11.05,11.07,11.05,22599,24985827.0,11.06
2026-02-09 10:52:00,11.05,11.06,11.06,11.05,943,1042158.0,11.06
2026-02-09 10:53:00,11.06,11.05,11.06,11.05,2830,3127419.0,11.06
2026-02-09 10:54:00,11.05,11.06,11.06,11.05,533,589108.0,11.06
2026-02-09 10:55:00,11.06,11.05,11.06,11.05,512,565853.0,11.06
2026-02-09 10:56:00,11.05,11.05,11.06,11.05,761,841111.0,11.06
2026-02-09 10:57:00,11.05,11.05,11.06,11.05,1782,1969254.0,11.06
2026-02-09 10:58:00,11.05,11.05,11.06,11.05,625,690249.0,11.06
2026-02-09 10:59:00,11.05,11.05,11.06,11.04,4721,5216995.0,11.06
2026-02-09 11:00:00,11.05,11.04,11.05,11.04,632,697955.0,11.06
2026-02-09 11:01:00,11.04,11.05,11.05,11.04,882,974020.0,11.06
2026-02-09 11:02:00,11.05,11.04,11.05,11.04,1284,1418169.0,11.06
2026-02-09 11:03:00,11.04,11.04,11.05,11.04,1350,1490153.0,11.06
2026-02-09 11:04:00,11.04,11.05,11.05,11.04,7178,7930920.0,11.059
2026-02-09 11:05:00,11.05,11.06,11.06,11.04,1831,2022490.0,11.059
2026-02-09 11:06:00,11.06,11.06,11.06,11.05,1064,1175859.0,11.059
2026-02-09 11:07:00,11.06,11.05,11.06,11.05,775,856825.0,11.059
2026-02-09 11:08:00,11.05,11.05,11.06,11.04,2658,2936346.0,11.059
2026-02-09 11:09:00,11.05,11.05,11.05,11.04,803,887250.0,11.059
2026-02-09 11:10:00,11.05,11.05,11.06,11.04,996,1100621.0,11.059
2026-02-09 11:11:00,11.05,11.06,11.06,11.05,236,260937.0,11.059
2026-02-09 11:12:00,11.06,11.06,11.06,11.05,160,176942.0,11.059
2026-02-09 11:13:00,11.06,11.06,11.06,11.05,4452,4919632.0,11.059
2026-02-09 11:14:00,11.06,11.05,11.06,11.05,1332,1471960.0,11.059
2026-02-09 11:15:00,11.05,11.05,11.06,11.05,825,911796.0,11.059
2026-02-09 11:16:00,11.05,11.05,11.06,11.04,2398,2649622.0,11.059
2026-02-09 11:17:00,11.05,11.06,11.06,11.04,1420,1569066.0,11.059
2026-02-09 11:18:00,11.06,11.05,11.06,11.05,533,588999.0,11.059
2026-02-09 11:19:00,11.05,11.05,11.06,11.05,892,986065.0,11.059
2026-02-09 11:20:00,11.05,11.05,11.06,11.04,1477,1631816.0,11.059
2026-02-09 11:21:00,11.05,11.05,11.05,11.04,1633,1803718.0,11.059
2026-02-09 11:22:00,11.05,11.05,11.05,11.04,4393,4850480.0,11.059
2026-02-09 11:23:00,11.05,11.04,11.05,11.04,1021,1127300.0,11.059
2026-02-09 11:24:00,11.04,11.04,11.05,11.04,1080,1192815.0,11.059
2026-02-09 11:25:00,11.04,11.04,11.05,11.04,1293,1427721.0,11.058
2026-02-09 11:26:00,11.04,11.03,11.05,11.03,7522,8303613.0,11.058
2026-02-09 11:27:00,11.03,11.03,11.04,11.03,1638,1807376.0,11.058
2026-02-09 11:28:00,11.03,11.03,11.04,11.03,1298,1432165.0,11.058
2026-02-09 11:29:00,11.03,11.04,11.04,11.03,1617,1783967.0,11.058
2026-02-09 11:30:00,11.04,11.03,11.04,11.03,2304,2542321.0,11.058
2026-02-09 13:01:00,11.03,11.03,11.04,11.03,4490,4956282.0,11.058
2026-02-09 13:02:00,11.03,11.04,11.04,11.03,564,622403.0,11.058
2026-02-09 13:03:00,11.04,11.04,11.04,11.03,551,608015.0,11.057
2026-02-09 13:04:00,11.04,11.04,11.04,11.03,3706,4091035.0,11.057
2026-02-09 13:05:00,11.04,11.04,11.05,11.04,397,438349.0,11.057
2026-02-09 13:06:00,11.04,11.05,11.05,11.04,1255,1386677.0,11.057
2026-02-09 13:07:00,11.05,11.04,11.05,11.04,750,828549.0,11.057
2026-02-09 13:08:00,11.04,11.04,11.05,11.04,972,1073685.0,11.057
2026-02-09 13:09:00,11.04,11.04,11.05,11.04,3092,3413683.0,11.057
2026-02-09 13:10:00,11.04,11.04,11.05,11.04,834,920767.0,11.057
2026-02-09 13:11:00,11.04,11.04,11.05,11.04,646,713486.0,11.057
2026-02-09 13:12:00,11.04,11.04,11.05,11.04,231,255040.0,11.057
2026-02-09 13:13:00,11.04,11.04,11.05,11.04,374,413161.0,11.057
2026-02-09 13:14:00,11.04,11.05,11.05,11.04,3098,3420243.0,11.057
2026-02-09 13:15:00,11.05,11.05,11.05,11.04,747,824764.0,11.057
2026-02-09 13:16:00,11.05,11.04,11.05,11.04,636,702257.0,11.057
2026-02-09 13:17:00,11.04,11.04,11.05,11.04,510,563432.0,11.057
2026-02-09 13:18:00,11.04,11.05,11.05,11.04,3990,4408935.0,11.057
2026-02-09 13:19:00,11.05,11.06,11.06,11.05,722,798449.0,11.057
2026-02-09 13:20:00,11.06,11.05,11.06,11.05,694,767400.0,11.057
2026-02-09 13:21:00,11.05,11.06,11.06,11.05,333,368031.0,11.057
2026-02-09 13:22:00,11.06,11.05,11.06,11.05,1003,1108837.0,11.057
2026-02-09 13:23:00,11.05,11.05,11.06,11.05,735,812213.0,11.057
2026-02-09 13:24:00,11.05,11.04,11.05,11.04,2775,3065989.0,11.057
2026-02-09 13:25:00,11.04,11.04,11.05,11.04,967,1068194.0,11.057
2026-02-09 13:26:00,11.04,11.06,11.06,11.05,1025,1132637.0,11.057
2026-02-09 13:27:00,11.06,11.05,11.05,11.04,906,1000908.0,11.057
2026-02-09 13:28:00,11.05,11.05,11.05,11.04,386,426177.0,11.057
2026-02-09 13:29:00,11.05,11.04,11.05,11.04,342,377621.0,11.057
2026-02-09 13:30:00,11.04,11.04,11.05,11.04,2961,3269073.0,11.057
2026-02-09 13:31:00,11.04,11.05,11.05,11.04,932,1029325.0,11.057
2026-02-09 13:32:00,11.05,11.04,11.05,11.04,535,591064.0,11.057
2026-02-09 13:33:00,11.04,11.04,11.05,11.04,2380,2629305.0,11.057
2026-02-09 13:34:00,11.04,11.05,11.05,11.04,1513,1671694.0,11.057
2026-02-09 13:35:00,11.05,11.06,11.06,11.04,2019,2230865.0,11.056
2026-02-09 13:36:00,11.06,11.04,11.06,11.04,1484,1639803.0,11.056
2026-02-09 13:37:00,11.04,11.06,11.06,11.04,955,1055721.0,11.056
2026-02-09 13:38:00,11.06,11.06,11.06,11.05,172,190122.0,11.056
2026-02-09 13:39:00,11.06,11.06,11.06,11.05,241,266480.0,11.056
2026-02-09 13:40:00,11.06,11.05,11.06,11.05,1436,1588023.0,11.056
2026-02-09 13:41:00,11.05,11.06,11.06,11.05,326,360367.0,11.056
2026-02-09 13:42:00,11.06,11.05,11.06,11.05,677,748154.0,11.056
2026-02-09 13:43:00,11.05,11.05,11.06,11.05,719,794857.0,11.056
2026-02-09 13:44:00,11.05,11.05,11.06,11.05,752,831168.0,11.056
2026-02-09 13:45:00,11.05,11.05,11.06,11.05,936,1034571.0,11.056
2026-02-09 13:46:00,11.05,11.05,11.06,11.05,1850,2044337.0,11.056
2026-02-09 13:47:00,11.05,11.05,11.06,11.05,3423,3782849.0,11.056
2026-02-09 13:48:00,11.05,11.05,11.06,11.05,295,325974.0,11.056
2026-02-09 13:49:00,11.05,11.05,11.06,11.05,399,441112.0,11.056
2026-02-09 13:50:00,11.05,11.06,11.06,11.05,469,518617.0,11.056
2026-02-09 13:51:00,11.06,11.06,11.06,11.05,669,739466.0,11.056
2026-02-09 13:52:00,11.06,11.05,11.06,11.05,561,620413.0,11.056
2026-02-09 13:53:00,11.05,11.06,11.06,11.05,299,330636.0,11.056
2026-02-09 13:54:00,11.06,11.06,11.06,11.05,551,609303.0,11.056
2026-02-09 13:55:00,11.06,11.05,11.06,11.05,579,640158.0,11.056
2026-02-09 13:56:00,11.05,11.05,11.06,11.05,2810,3107756.0,11.056
2026-02-09 13:57:00,11.05,11.06,11.06,11.05,749,828144.0,11.056
2026-02-09 13:58:00,11.06,11.05,11.06,11.05,548,605875.0,11.056
2026-02-09 13:59:00,11.05,11.05,11.06,11.05,551,609048.0,11.056
2026-02-09 14:00:00,11.05,11.05,11.06,11.05,241,266472.0,11.056
2026-02-09 14:01:00,11.05,11.06,11.06,11.05,1190,1315889.0,11.056
2026-02-09 14:02:00,11.06,11.06,11.06,11.05,1124,1242251.0,11.056
2026-02-09 14:03:00,11.06,11.05,11.06,11.05,3779,4175875.0,11.056
2026-02-09 14:04:00,11.05,11.05,11.06,11.05,5450,6023073.0,11.056
2026-02-09 14:05:00,11.05,11.06,11.06,11.05,417,460716.0,11.056
2026-02-09 14:06:00,11.06,11.06,11.06,11.05,704,778376.0,11.056
2026-02-09 14:07:00,11.06,11.05,11.06,11.05,381,421119.0,11.056
2026-02-09 14:08:00,11.05,11.05,11.06,11.05,292,322810.0,11.056
2026-02-09 14:09:00,11.05,11.05,11.06,11.05,1681,1857834.0,11.056
2026-02-09 14:10:00,11.05,11.05,11.06,11.05,518,572443.0,11.056
2026-02-09 14:11:00,11.05,11.05,11.06,11.05,784,866808.0,11.056
2026-02-09 14:12:00,11.05,11.05,11.06,11.05,818,904153.0,11.056
2026-02-09 14:13:00,11.05,11.05,11.06,11.05,1006,1111944.0,11.056
2026-02-09 14:14:00,11.05,11.05,11.06,11.05,1327,1466437.0,11.056
2026-02-09 14:15:00,11.05,11.05,11.06,11.05,742,820151.0,11.056
2026-02-09 14:16:00,11.05,11.05,11.06,11.05,811,896351.0,11.056
2026-02-09 14:17:00,11.05,11.05,11.06,11.05,1273,1407103.0,11.056
2026-02-09 14:18:00,11.05,11.05,11.06,11.05,517,571452.0,11.056
2026-02-09 14:19:00,11.05,11.06,11.06,11.05,877,969483.0,11.056
2026-02-09 14:20:00,11.06,11.05,11.06,11.05,649,717510.0,11.056
2026-02-09 14:21:00,11.05,11.05,11.06,11.05,524,579410.0,11.056
2026-02-09 14:22:00,11.05,11.05,11.06,11.05,870,961603.0,11.056
2026-02-09 14:23:00,11.05,11.06,11.06,11.05,679,750664.0,11.056
2026-02-09 14:24:00,11.06,11.06,11.06,11.05,1908,2109405.0,11.056
2026-02-09 14:25:00,11.06,11.05,11.06,11.05,981,1084326.0,11.056
2026-02-09 14:26:00,11.05,11.06,11.06,11.05,4126,4559581.0,11.056
2026-02-09 14:27:00,11.06,11.05,11.06,11.05,2091,2311140.0,11.056
2026-02-09 14:28:00,11.05,11.06,11.06,11.05,1175,1298562.0,11.056
2026-02-09 14:29:00,11.06,11.06,11.06,11.05,4339,4798564.0,11.056
2026-02-09 14:30:00,11.06,11.06,11.06,11.05,1097,1212679.0,11.056
2026-02-09 14:31:00,11.06,11.05,11.06,11.05,936,1035074.0,11.056
2026-02-09 14:32:00,11.05,11.05,11.06,11.05,500,552667.0,11.056
2026-02-09 14:33:00,11.05,11.05,11.06,11.05,1010,1115972.0,11.056
2026-02-09 14:34:00,11.05,11.05,11.06,11.05,594,656480.0,11.056
2026-02-09 14:35:00,11.05,11.05,11.06,11.05,1478,1633356.0,11.056
2026-02-09 14:36:00,11.05,11.05,11.06,11.05,741,819186.0,11.056
2026-02-09 14:37:00,11.05,11.05,11.06,11.05,921,1018000.0,11.056
2026-02-09 14:38:00,11.05,11.05,11.06,11.05,1115,1232657.0,11.056
2026-02-09 14:39:00,11.05,11.05,11.06,11.05,5057,5592468.0,11.056
2026-02-09 14:40:00,11.05,11.05,11.06,11.05,779,861444.0,11.056
2026-02-09 14:41:00,11.05,11.05,11.06,11.05,3904,4317455.0,11.056
2026-02-09 14:42:00,11.05,11.05,11.06,11.05,2934,3244834.0,11.056
2026-02-09 14:43:00,11.05,11.06,11.06,11.05,4077,4508992.0,11.056
2026-02-09 14:44:00,11.06,11.05,11.06,11.05,1584,1751472.0,11.056
2026-02-09 14:45:00,11.05,11.05,11.06,11.05,2173,2402968.0,11.056
2026-02-09 14:46:00,11.05,11.05,11.06,11.05,1775,1962720.0,11.056
2026-02-09 14:47:00,11.05,11.07,11.07,11.05,4633,5124205.0,11.056
2026-02-09 14:48:00,11.07,11.07,11.07,11.06,376,416090.0,11.056
2026-02-09 14:49:00,11.07,11.06,11.07,11.06,832,920387.0,11.056
2026-02-09 14:50:00,11.06,11.06,11.07,11.06,1920,2124746.0,11.056
2026-02-09 14:51:00,11.06,11.06,11.07,11.06,2197,2431501.0,11.056
2026-02-09 14:52:00,11.06,11.07,11.07,11.06,1555,1721137.0,11.056
2026-02-09 14:53:00,11.07,11.06,11.07,11.06,2409,2665262.0,11.056
2026-02-09 14:54:00,11.06,11.06,11.07,11.06,2046,2264231.0,11.056
2026-02-09 14:55:00,11.06,11.06,11.07,11.06,2752,3045186.0,11.057
2026-02-09 14:56:00,11.06,11.06,11.07,11.06,5461,6043345.0,11.057
2026-02-09 14:57:00,11.06,11.06,11.08,11.06,9109,10083168.0,11.057
2026-02-09 14:58:00,11.06,11.07,11.07,11.07,52,57544.0,11.057
2026-02-09 14:59:00,11.07,11.07,11.07,11.07,0,0.0,11.057
2026-02-09 15:00:00,11.07,11.07,11.07,11.07,10436,11552873.0,11.057
2026-02-10 09:30:00,11.07,11.07,11.07,11.07,1910,2114370.0,11.07
2026-02-10 09:31:00,11.07,11.06,11.06,11.05,5266,5821966.0,11.06
2026-02-10 09:32:00,11.06,11.06,11.07,11.05,3955,4375675.0,11.061
2026-02-10 09:33:00,11.06,11.07,11.07,11.06,2655,2936907.0,11.061
2026-02-10 09:34:00,11.07,11.05,11.07,11.05,4215,4661808.0,11.061
2026-02-10 09:35:00,11.05,11.05,11.06,11.05,2193,2423985.0,11.06
2026-02-10 09:36:00,11.05,11.06,11.06,11.05,4842,5353781.0,11.06
2026-02-10 09:37:00,11.06,11.08,11.09,11.06,7977,8833902.0,11.063
2026-02-10 09:38:00,11.08,11.09,11.1,11.08,5930,6577216.0,11.068
2026-02-10 09:39:00,11.09,11.09,11.1,11.09,6884,7635281.0,11.071
2026-02-10 09:40:00,11.09,11.07,11.09,11.07,7574,8392315.0,11.072
2026-02-10 09:41:00,11.07,11.08,11.08,11.07,3081,3412077.0,11.073
2026-02-10 09:42:00,11.08,11.07,11.08,11.07,1261,1396699.0,11.073
2026-02-10 09:43:00,11.07,11.08,11.08,11.07,497,550469.0,11.073
2026-02-10 09:44:00,11.08,11.09,11.1,11.07,22392,24823525.0,11.076
2026-02-10 09:45:00,11.09,11.09,11.1,11.08,2761,3061733.0,11.077
2026-02-10 09:46:00,11.09,11.09,11.09,11.08,5264,5837280.0,11.078
2026-02-10 09:47:00,11.09,11.09,11.1,11.09,4035,4475824.0,11.078
2026-02-10 09:48:00,11.09,11.09,11.1,11.08,3367,3734629.0,11.079
2026-02-10 09:49:00,11.09,11.08,11.1,11.07,12437,13781035.0,11.079
2026-02-10 09:50:00,11.08,11.07,11.08,11.07,7093,7851966.0,11.078
2026-02-10 09:51:00,11.07,11.06,11.07,11.06,11009,12176328.0,11.077
2026-02-10 09:52:00,11.06,11.06,11.07,11.06,934,1033412.0,11.077
2026-02-10 09:53:00,11.06,11.06,11.07,11.06,3604,3988785.0,11.076
2026-02-10 09:54:00,11.06,11.07,11.07,11.06,1681,1860214.0,11.076
2026-02-10 09:55:00,11.07,11.07,11.07,11.05,5984,6618187.0,11.076
2026-02-10 09:56:00,11.07,11.06,11.07,11.05,2002,2212840.0,11.075
2026-02-10 09:57:00,11.06,11.06,11.07,11.05,2065,2283514.0,11.075
2026-02-10 09:58:00,11.06,11.07,11.07,11.05,1080,1194433.0,11.075
2026-02-10 09:59:00,11.07,11.07,11.07,11.06,1181,1306819.0,11.075
2026-02-10 10:00:00,11.07,11.07,11.07,11.06,1911,2114203.0,11.075
2026-02-10 10:01:00,11.07,11.07,11.07,11.06,7153,7912723.0,11.074
2026-02-10 10:02:00,11.07,11.08,11.08,11.07,2549,2821842.0,11.074
2026-02-10 10:03:00,11.08,11.06,11.08,11.06,1692,1872592.0,11.074
2026-02-10 10:04:00,11.06,11.06,11.07,11.06,2866,3171793.0,11.074
2026-02-10 10:05:00,11.06,11.07,11.07,11.06,452,500132.0,11.074
2026-02-10 10:06:00,11.07,11.08,11.08,11.06,6263,6933254.0,11.074
2026-02-10 10:07:00,11.08,11.07,11.08,11.06,3236,3580504.0,11.074
2026-02-10 10:08:00,11.07,11.07,11.07,11.06,289,319756.0,11.074
2026-02-10 10:09:00,11.07,11.06,11.07,11.06,511,565512.0,11.074
2026-02-10 10:10:00,11.06,11.07,11.07,11.06,519,574123.0,11.073
2026-02-10 10:11:00,11.07,11.04,11.07,11.04,20982,23189909.0,11.071
2026-02-10 10:12:00,11.04,11.06,11.06,11.04,17327,19147734.0,11.069
2026-02-10 10:13:00,11.06,11.05,11.06,11.05,1696,1874528.0,11.069
2026-02-10 10:14:00,11.05,11.05,11.06,11.05,525,580264.0,11.069
2026-02-10 10:15:00,11.05,11.05,11.06,11.05,9741,10760761.0,11.068
2026-02-10 10:16:00,11.05,11.05,11.06,11.04,2771,3062076.0,11.068
2026-02-10 10:17:00,11.05,11.04,11.05,11.03,14666,16188903.0,11.066
2026-02-10 10:18:00,11.04,11.04,11.04,11.03,1578,1741554.0,11.066
2026-02-10 10:19:00,11.04,11.04,11.04,11.03,3059,3375862.0,11.066
2026-02-10 10:20:00,11.04,11.05,11.05,11.03,4201,4637422.0,11.065
2026-02-10 10:21:00,11.05,11.03,11.05,11.03,4355,4807341.0,11.065
2026-02-10 10:22:00,11.03,11.04,11.04,11.03,4563,5033926.0,11.064
2026-02-10 10:23:00,11.04,11.04,11.04,11.03,1432,1579843.0,11.064
2026-02-10 10:24:00,11.04,11.03,11.04,11.02,12753,14066513.0,11.062
2026-02-10 10:25:00,11.03,11.04,11.04,11.02,991,1093490.0,11.062
2026-02-10 10:26:00,11.04,11.03,11.04,11.02,4319,4763367.0,11.062
2026-02-10 10:27:00,11.03,11.03,11.04,11.03,1077,1188076.0,11.062
2026-02-10 10:28:00,11.03,11.05,11.05,11.03,13303,14686154.0,11.061
2026-02-10 10:29:00,11.05,11.05,11.05,11.04,17792,19653771.0,11.06
2026-02-10 10:30:00,11.05,11.06,11.06,11.05,1014,1120851.0,11.06
2026-02-10 10:31:00,11.06,11.06,11.07,11.05,2374,2625202.0,11.06
2026-02-10 10:32:00,11.06,11.06,11.07,11.06,887,981145.0,11.06
2026-02-10 10:33:00,11.06,11.07,11.07,11.06,667,737852.0,11.06
2026-02-10 10:34:00,11.07,11.06,11.07,11.06,870,962328.0,11.06
2026-02-10 10:35:00,11.06,11.06,11.07,11.06,700,774534.0,11.06
2026-02-10 10:36:00,11.06,11.07,11.07,11.06,743,822523.0,11.06
2026-02-10 10:37:00,11.07,11.07,11.07,11.06,687,760175.0,11.06
2026-02-10 10:38:00,11.07,11.07,11.07,11.06,2303,2547403.0,11.06
2026-02-10 10:39:00,11.07,11.06,11.07,11.06,759,839868.0,11.06
2026-02-10 10:40:00,11.06,11.07,11.07,11.06,904,1000438.0,11.06
2026-02-10 10:41:00,11.07,11.07,11.07,11.06,1968,2178077.0,11.06
2026-02-10 10:42:00,11.07,11.07,11.07,11.06,8703,9633744.0,11.06
2026-02-10 10:43:00,11.07,11.08,11.08,11.07,2208,2444615.0,11.06
2026-02-10 10:44:00,11.08,11.07,11.08,11.07,2438,2699067.0,11.06
2026-02-10 10:45:00,11.07,11.06,11.08,11.06,3214,3556816.0,11.06
2026-02-10 10:46:00,11.06,11.05,11.07,11.05,5799,6413216.0,11.06
2026-02-10 10:47:00,11.05,11.06,11.06,11.05,2095,2316979.0,11.06
2026-02-10 10:48:00,11.06,11.06,11.07,11.05,923,1020808.0,11.06
2026-02-10 10:49:00,11.06,11.05,11.06,11.05,883,976480.0,11.06
2026-02-10 10:50:00,11.05,11.06,11.06,11.05,798,882434.0,11.06
2026-02-10 10:51:00,11.06,11.06,11.06,11.05,954,1055015.0,11.06
2026-02-10 10:52:00,11.06,11.06,11.06,11.05,385,425737.0,11.06
2026-02-10 10:53:00,11.06,11.05,11.06,11.05,469,518609.0,11.06
2026-02-10 10:54:00,11.05,11.06,11.06,11.05,681,752907.0,11.06
2026-02-10 10:55:00,11.06,11.06,11.06,11.05,390,431304.0,11.06
2026-02-10 10:56:00,11.06,11.05,11.06,11.05,1155,1276520.0,11.06
2026-02-10 10:57:00,11.05,11.05,11.06,11.05,965,1067116.0,11.06
2026-02-10 10:58:00,11.05,11.06,11.07,11.05,1328,1468693.0,11.06
2026-02-10 10:59:00,11.06,11.06,11.07,11.06,2045,2261896.0,11.06
2026-02-10 11:00:00,11.06,11.06,11.07,11.05,876,968776.0,11.06
2026-02-10 11:01:00,11.06,11.06,11.07,11.06,544,601721.0,11.06
2026-02-10 11:02:00,11.06,11.07,11.07,11.06,1409,1559614.0,11.06
2026-02-10 11:03:00,11.07,11.06,11.07,11.06,311,344134.0,11.06
2026-02-10 11:04:00,11.06,11.06,11.07,11.06,2171,2401289.0,11.06
2026-02-10 11:05:00,11.06,11.05,11.07,11.05,2615,2893261.0,11.06
2026-02-10 11:06:00,11.05,11.05,11.06,11.05,208,229932.0,11.06
2026-02-10 11:07:00,11.05,11.05,11.06,11.05,514,568101.0,11.06
2026-02-10 11:08:00,11.05,11.05,11.06,11.05,339,374716.0,11.06
2026-02-10 11:09:00,11.05,11.05,11.06,11.05,470,519488.0,11.06
2026-02-10 11:10:00,11.05,11.06,11.06,11.05,492,544075.0,11.06
2026-02-10 11:11:00,11.06,11.07,11.07,11.05,2059,2277229.0,11.06
2026-02-10 11:12:00,11.07,11.07,11.07,11.06,869,961336.0,11.06
2026-02-10 11:13:00,11.07,11.06,11.07,11.06,631,698241.0,11.06
2026-02-10 11:14:00,11.06,11.06,11.07,11.06,518,573063.0,11.06
2026-02-10 11:15:00,11.06,11.06,11.07,11.06,255,282132.0,11.06
2026-02-10 11:16:00,11.06,11.06,11.07,11.06,542,599623.0,11.06
2026-02-10 11:17:00,11.06,11.06,11.07,11.06,2180,2411284.0,11.06
2026-02-10 11:18:00,11.06,11.06,11.07,11.06,532,588425.0,11.06
2026-02-10 11:19:00,11.06,11.06,11.07,11.06,3792,4194310.0,11.06
2026-02-10 11:20:00,11.06,11.06,11.07,11.06,478,528697.0,11.06
2026-02-10 11:21:00,11.06,11.06,11.07,11.06,1692,1871426.0,11.06
2026-02-10 11:22:00,11.06,11.07,11.07,11.06,408,451383.0,11.06
2026-02-10 11:23:00,11.07,11.07,11.07,11.06,470,519954.0,11.06
2026-02-10 11:24:00,11.07,11.06,11.07,11.06,791,874808.0,11.06
2026-02-10 11:25:00,11.06,11.06,11.07,11.06,432,477822.0,11.06
2026-02-10 11:26:00,11.06,11.06,11.06,11.05,941,1040789.0,11.06
2026-02-10 11:27:00,11.06,11.06,11.07,11.06,831,919133.0,11.06
2026-02-10 11:28:00,11.06,11.05,11.06,11.05,340,375837.0,11.06
2026-02-10 11:29:00,11.05,11.06,11.06,11.05,614,678975.0,11.06
2026-02-10 11:30:00,11.06,11.05,11.06,11.05,1487,1643403.0,11.06
2026-02-10 13:01:00,11.05,11.05,11.07,11.05,6585,7283563.0,11.06
2026-02-10 13:02:00,11.05,11.05,11.06,11.05,312,344991.0,11.06
2026-02-10 13:03:00,11.05,11.06,11.06,11.05,3350,3704761.0,11.06
2026-02-10 13:04:00,11.06,11.06,11.06,11.06,622,687943.0,11.06
2026-02-10 13:05:00,11.06,11.06,11.06,11.05,6511,7200963.0,11.06
2026-02-10 13:06:00,11.06,11.06,11.07,11.05,2579,2854310.0,11.06
2026-02-10 13:07:00,11.06,11.06,11.07,11.06,903,999057.0,11.06
2026-02-10 13:08:00,11.06,11.07,11.07,11.06,574,635010.0,11.06
2026-02-10 13:09:00,11.07,11.06,11.07,11.06,8080,8944379.0,11.061
2026-02-10 13:10:00,11.06,11.08,11.08,11.07,4095,4534580.0,11.061
2026-02-10 13:11:00,11.08,11.07,11.08,11.07,2854,3159497.0,11.061
2026-02-10 13:12:00,11.07,11.07,11.08,11.07,454,502787.0,11.061
2026-02-10 13:13:00,11.07,11.07,11.08,11.07,2119,2347452.0,11.061
2026-02-10 13:14:00,11.07,11.07,11.08,11.07,435,481729.0,11.061
2026-02-10 13:15:00,11.07,11.08,11.08,11.07,739,818539.0,11.061
2026-02-10 13:16:00,11.08,11.08,11.08,11.07,1077,1192793.0,11.061
2026-02-10 13:17:00,11.08,11.07,11.08,11.07,1419,1570992.0,11.061
2026-02-10 13:18:00,11.07,11.07,11.08,11.07,4465,4942941.0,11.061
2026-02-10 13:19:00,11.07,11.07,11.08,11.07,1953,2161974.0,11.061
2026-02-10 13:20:00,11.07,11.07,11.08,11.07,574,635492.0,11.061
2026-02-10 13:21:00,11.07,11.07,11.08,11.07,1067,1181302.0,11.061
2026-02-10 13:22:00,11.07,11.07,11.08,11.07,1128,1249020.0,11.061
2026-02-10 13:23:00,11.07,11.07,11.08,11.07,827,915895.0,11.061
2026-02-10 13:24:00,11.07,11.07,11.08,11.07,2292,2537911.0,11.061
2026-02-10 13:25:00,11.07,11.07,11.08,11.07,1189,1316672.0,11.061
2026-02-10 13:26:00,11.07,11.08,11.08,11.07,967,1070836.0,11.061
2026-02-10 13:27:00,11.08,11.07,11.08,11.07,1099,1217275.0,11.061
2026-02-10 13:28:00,11.07,11.07,11.08,11.07,5052,5593078.0,11.062
2026-02-10 13:29:00,11.07,11.07,11.08,11.07,1181,1308211.0,11.062
2026-02-10 13:30:00,11.07,11.08,11.08,11.07,1831,2027464.0,11.062
2026-02-10 13:31:00,11.08,11.07,11.08,11.07,3261,3611218.0,11.062
2026-02-10 13:32:00,11.07,11.07,11.08,11.07,2545,2817786.0,11.062
2026-02-10 13:33:00,11.07,11.07,11.08,11.07,828,916952.0,11.062
2026-02-10 13:34:00,11.07,11.07,11.08,11.07,1207,1336146.0,11.062
2026-02-10 13:35:00,11.07,11.07,11.08,11.07,1618,1791191.0,11.062
2026-02-10 13:36:00,11.07,11.07,11.07,11.06,1350,1494108.0,11.062
2026-02-10 13:37:00,11.07,11.08,11.08,11.06,1452,1607171.0,11.062
2026-02-10 13:38:00,11.08,11.07,11.08,11.06,1019,1127831.0,11.062
2026-02-10 13:39:00,11.07,11.06,11.07,11.06,561,620871.0,11.062
2026-02-10 13:40:00,11.06,11.06,11.07,11.06,1148,1270208.0,11.062
2026-02-10 13:41:00,11.06,11.07,11.07,11.06,1144,1265971.0,11.062
2026-02-10 13:42:00,11.07,11.06,11.07,11.06,3086,3413313.0,11.062
2026-02-10 13:43:00,11.06,11.06,11.07,11.06,11255,12448094.0,11.062
2026-02-10 13:44:00,11.06,11.06,11.07,11.06,557,616049.0,11.062
2026-02-10 13:45:00,11.06,11.06,11.07,11.06,648,717000.0,11.062
2026-02-10 13:46:00,11.06,11.06,11.07,11.06,472,522036.0,11.062
2026-02-10 13:47:00,11.06,11.06,11.07,11.06,214,236687.0,11.062
2026-02-10 13:48:00,11.06,11.07,11.07,11.06,401,443597.0,11.062
2026-02-10 13:49:00,11.07,11.06,11.07,11.06,326,360644.0,11.062
2026-02-10 13:50:00,11.06,11.06,11.07,11.06,483,534275.0,11.062
2026-02-10 13:51:00,11.06,11.07,11.07,11.06,1998,2211515.0,11.062
2026-02-10 13:52:00,11.07,11.06,11.07,11.06,1323,1463393.0,11.062
2026-02-10 13:53:00,11.06,11.06,11.06,11.06,2887,3193024.0,11.062
2026-02-10 13:54:00,11.06,11.06,11.07,11.05,1887,2086999.0,11.062
2026-02-10 13:55:00,11.06,11.06,11.07,11.05,546,603867.0,11.062
2026-02-10 13:56:00,11.06,11.06,11.07,11.05,697,770834.0,11.062
2026-02-10 13:57:00,11.06,11.06,11.06,11.05,991,1095947.0,11.062
2026-02-10 13:58:00,11.06,11.06,11.06,11.05,1975,2183934.0,11.062
2026-02-10 13:59:00,11.06,11.05,11.06,11.05,538,594822.0,11.062
2026-02-10 14:00:00,11.05,11.05,11.06,11.05,560,619057.0,11.062
2026-02-10 14:01:00,11.05,11.07,11.07,11.05,2445,2703776.0,11.062
2026-02-10 14:02:00,11.07,11.05,11.07,11.05,698,771977.0,11.062
2026-02-10 14:03:00,11.05,11.06,11.06,11.05,470,519611.0,11.062
2026-02-10 14:04:00,11.06,11.05,11.06,11.05,307,339266.0,11.062
2026-02-10 14:05:00,11.05,11.06,11.06,11.05,510,563649.0,11.062
2026-02-10 14:06:00,11.06,11.06,11.06,11.05,903,998164.0,11.062
2026-02-10 14:07:00,11.06,11.05,11.06,11.05,600,663256.0,11.062
2026-02-10 14:08:00,11.05,11.05,11.06,11.05,592,654352.0,11.062
2026-02-10 14:09:00,11.05,11.05,11.06,11.05,480,530632.0,11.062
2026-02-10 14:10:00,11.05,11.06,11.06,11.05,911,1007133.0,11.062
2026-02-10 14:11:00,11.06,11.05,11.06,11.05,3694,4082379.0,11.062
2026-02-10 14:12:00,11.05,11.05,11.06,11.05,1306,1443922.0,11.062
2026-02-10 14:13:00,11.05,11.05,11.06,11.05,916,1012241.0,11.062
2026-02-10 14:14:00,11.05,11.05,11.06,11.05,5346,5907447.0,11.062
2026-02-10 14:15:00,11.05,11.05,11.06,11.05,4579,5060001.0,11.061
2026-02-10 14:16:00,11.05,11.05,11.06,11.05,486,537272.0,11.061
2026-02-10 14:17:00,11.05,11.05,11.06,11.05,500,552595.0,11.061
2026-02-10 14:18:00,11.05,11.06,11.06,11.05,1259,1391796.0,11.061
2026-02-10 14:19:00,11.06,11.05,11.06,11.05,331,365647.0,11.061
2026-02-10 14:20:00,11.05,11.05,11.06,11.05,731,808215.0,11.061
2026-02-10 14:21:00,11.05,11.05,11.06,11.05,1283,1418567.0,11.061
2026-02-10 14:22:00,11.05,11.05,11.06,11.05,441,487555.0,11.061
2026-02-10 14:23:00,11.05,11.05,11.06,11.05,641,708477.0,11.061
2026-02-10 14:24:00,11.05,11.05,11.06,11.05,198,218852.0,11.061
2026-02-10 14:25:00,11.05,11.05,11.06,11.05,717,792541.0,11.061
2026-02-10 14:26:00,11.05,11.05,11.06,11.05,618,683217.0,11.061
2026-02-10 14:27:00,11.05,11.05,11.06,11.05,1673,1849988.0,11.061
2026-02-10 14:28:00,11.05,11.05,11.06,11.05,450,497565.0,11.061
2026-02-10 14:29:00,11.05,11.05,11.06,11.05,1625,1796608.0,11.061
2026-02-10 14:30:00,11.05,11.06,11.06,11.05,748,826930.0,11.061
2026-02-10 14:31:00,11.06,11.06,11.06,11.05,1930,2134487.0,11.061
2026-02-10 14:32:00,11.06,11.05,11.06,11.05,1308,1445703.0,11.061
2026-02-10 14:33:00,11.05,11.06,11.06,11.05,1931,2134560.0,11.061
2026-02-10 14:34:00,11.06,11.05,11.06,11.05,1180,1303950.0,11.061
2026-02-10 14:35:00,11.05,11.05,11.06,11.05,1603,1772228.0,11.061
2026-02-10 14:36:00,11.05,11.05,11.06,11.05,781,863052.0,11.061
2026-02-10 14:37:00,11.05,11.05,11.06,11.05,675,746516.0,11.061
2026-02-10 14:38:00,11.05,11.05,11.06,11.05,1372,1516793.0,11.061
2026-02-10 14:39:00,11.05,11.05,11.06,11.05,1256,1387991.0,11.061
2026-02-10 14:40:00,11.05,11.05,11.06,11.05,1007,1113126.0,11.061
2026-02-10 14:41:00,11.05,11.05,11.06,11.05,1301,1438230.0,11.061
2026-02-10 14:42:00,11.05,11.05,11.06,11.05,3686,4075489.0,11.061
2026-02-10 14:43:00,11.05,11.05,11.06,11.05,1310,1448237.0,11.061
2026-02-10 14:44:00,11.05,11.05,11.06,11.05,1324,1463907.0,11.061
2026-02-10 14:45:00,11.05,11.06,11.06,11.05,1584,1751130.0,11.061
2026-02-10 14:46:00,11.06,11.06,11.06,11.05,2216,2450869.0,11.061
2026-02-10 14:47:00,11.06,11.06,11.06,11.05,3231,3573327.0,11.061
2026-02-10 14:48:00,11.06,11.05,11.07,11.05,1375,1520896.0,11.061
2026-02-10 14:49:00,11.05,11.06,11.07,11.05,3253,3597654.0,11.061
2026-02-10 14:50:00,11.06,11.06,11.07,11.06,2374,2626750.0,11.061
2026-02-10 14:51:00,11.06,11.06,11.07,11.06,1806,1998670.0,11.061
2026-02-10 14:52:00,11.06,11.06,11.07,11.06,2409,2666025.0,11.061
2026-02-10 14:53:00,11.06,11.07,11.07,11.06,2123,2349202.0,11.061
2026-02-10 14:54:00,11.07,11.07,11.07,11.06,1903,2105968.0,11.061
2026-02-10 14:55:00,11.07,11.07,11.07,11.06,2405,2660628.0,11.061
2026-02-10 14:56:00,11.07,11.07,11.07,11.06,2710,2998910.0,11.061
2026-02-10 14:57:00,11.07,11.06,11.07,11.06,3857,4267451.0,11.061
2026-02-10 14:58:00,11.06,11.06,11.06,11.06,10,11060.0,11.061
2026-02-10 14:59:00,11.06,11.06,11.06,11.06,0,0.0,11.061
2026-02-10 15:00:00,11.06,11.06,11.06,11.06,10920,12077520.0,11.061
